asset_id,asset_code,asset_type,department_id,section_id,track_id,station_id,start_km,end_km,install_date,condition_score,criticality,failure_count,last_maintenance_date,next_maintenance_due,failure_probability,availability_pct,current_status,updated_at
1,RAIL-KYN-KJT-01,TRACK,1,3,4,,0.00,5.00,2015-01-10,0.550,0.700,0,2026-06-15,2026-12-15,0.20,0.95,OK,
2,RAIL-KYN-KJT-02,TRACK,1,3,5,,0.00,5.00,2015-01-10,0.400,0.700,1,2026-05-01,2026-11-01,0.30,0.90,DEGRADED,
3,RAIL-KJT-LNL-01,TRACK,1,4,6,,0.00,3.00,2012-03-05,0.300,0.850,2,2026-04-10,2026-09-10,0.55,0.75,DEGRADED,
4,SIG-KJT-01,SIGNAL,2,4,6,4,,,2018-07-01,0.600,0.750,0,2026-07-01,2027-01-01,0.15,0.97,OK,
5,SIG-LNL-01,SIGNAL,2,4,7,5,,,2016-09-12,0.450,0.600,1,2026-03-20,2026-09-20,0.35,0.88,DEGRADED,
6,OHE-KJT-LNL-01,OHE,3,4,6,,0.00,3.00,2014-02-20,0.350,0.900,2,2026-04-15,2026-09-15,0.40,0.80,DEGRADED,
7,OHE-LNL-PUNE-01,OHE,3,5,8,,10.00,15.00,2017-05-18,0.700,0.550,0,2026-07-20,2027-01-20,0.15,0.96,OK,
8,POINT-KYN-01,POINT,2,3,4,2,,,2013-11-11,0.650,0.500,0,2026-06-01,2026-12-01,0.10,0.97,OK,
9,RAIL-LNL-PUNE-01,TRACK,1,5,8,,20.00,25.00,2019-01-01,0.750,0.400,0,2026-05-05,2026-11-05,0.10,0.98,OK,
10,RAIL-LNL-PUNE-02,TRACK,1,5,9,,20.00,25.00,2019-01-01,0.800,0.400,0,2026-05-05,2026-11-05,0.08,0.98,OK,
11,SIG-PUNE-01,SIGNAL,2,5,8,6,,,2020-02-14,0.650,0.450,0,2026-06-10,2026-12-10,0.12,0.96,OK,
12,OHE-PUNE-DD-01,OHE,3,6,10,,5.00,10.00,2011-08-08,0.450,0.700,1,2026-08-25,2026-11-25,0.30,0.90,DEGRADED,
13,RAIL-PUNE-DD-01,TRACK,1,6,10,,5.00,10.00,2016-04-04,0.600,0.350,0,2026-06-20,2026-12-20,0.15,0.95,OK,
14,RAIL-DD-SUR-01,TRACK,1,7,12,,15.00,20.00,2009-09-09,0.200,0.950,3,2026-03-01,2026-09-01,0.60,0.60,FAILED,
15,SIG-DD-01,SIGNAL,2,7,12,7,,,2014-12-01,0.550,0.550,0,2026-07-05,2027-01-05,0.18,0.94,OK,
16,OHE-KYN-PNVL-01,OHE,3,2,3,,5.00,10.00,2013-06-06,0.500,0.450,1,2026-05-15,2026-11-15,0.25,0.92,OK,
17,RAIL-KYN-PNVL-01,TRACK,1,2,3,,5.00,10.00,2013-06-06,0.650,0.300,0,2026-06-25,2026-12-25,0.10,0.97,OK,
18,POINT-LNL-01,POINT,2,5,8,5,,,2015-10-10,0.550,0.500,0,2026-06-05,2026-12-05,0.15,0.95,OK,
19,RAIL-CSTM-KYN-01,TRACK,1,1,1,,30.00,35.00,2010-01-01,0.500,0.500,1,2026-04-01,2026-10-01,0.25,0.90,OK,
20,SIG-CSTM-01,SIGNAL,2,1,1,1,,,2019-03-03,0.700,0.400,0,2026-07-10,2027-01-10,0.10,0.98,OK,
