request_id,job_id,department_id,track_id,requested_date,requested_start,requested_end,minimum_duration_minutes,preferred_start,preferred_end,safety_buffer_minutes,request_priority,request_status,created_at,updated_at
1,1,1,6,2026-09-21,2026-09-21 22:00:00+05:30,2026-09-22 00:30:00+05:30,90,2026-09-21 22:30:00+05:30,2026-09-22 00:15:00+05:30,15,1,GRANTED,,
2,2,3,6,2026-09-21,2026-09-21 22:00:00+05:30,2026-09-22 00:00:00+05:30,60,2026-09-21 22:30:00+05:30,2026-09-21 23:45:00+05:30,15,1,GRANTED,,
3,3,2,6,2026-09-21,2026-09-21 23:30:00+05:30,2026-09-22 00:30:00+05:30,30,2026-09-21 23:40:00+05:30,2026-09-22 00:15:00+05:30,15,2,GRANTED,,
4,4,1,4,2026-09-22,2026-09-22 22:00:00+05:30,2026-09-22 23:00:00+05:30,45,2026-09-22 22:15:00+05:30,2026-09-22 23:00:00+05:30,15,3,PENDING,,
5,5,1,5,2026-09-23,2026-09-23 22:00:00+05:30,2026-09-23 23:00:00+05:30,40,2026-09-23 22:30:00+05:30,2026-09-23 23:10:00+05:30,15,4,PENDING,,
6,6,1,12,2026-09-21,2026-09-21 20:00:00+05:30,2026-09-21 22:30:00+05:30,120,2026-09-21 20:00:00+05:30,2026-09-21 22:00:00+05:30,20,1,GRANTED,,
7,7,3,8,2026-09-22,2026-09-22 23:00:00+05:30,2026-09-23 00:00:00+05:30,50,2026-09-22 23:00:00+05:30,2026-09-22 23:50:00+05:30,15,3,PENDING,,
8,8,2,8,2026-09-24,2026-09-24 22:00:00+05:30,2026-09-24 23:00:00+05:30,30,2026-09-24 22:15:00+05:30,2026-09-24 22:45:00+05:30,10,4,WITHDRAWN,,
9,9,1,10,2026-09-22,2026-09-22 22:00:00+05:30,2026-09-22 23:00:00+05:30,40,2026-09-22 22:00:00+05:30,2026-09-22 22:40:00+05:30,15,3,PENDING,,
10,10,3,10,2026-09-22,2026-09-22 22:00:00+05:30,2026-09-22 23:10:00+05:30,55,2026-09-22 22:00:00+05:30,2026-09-22 22:55:00+05:30,15,2,GRANTED,,
11,11,3,3,2026-09-23,2026-09-23 22:00:00+05:30,2026-09-23 23:00:00+05:30,45,2026-09-23 22:00:00+05:30,2026-09-23 22:45:00+05:30,15,3,REJECTED,,
12,13,1,1,2026-09-22,2026-09-22 22:00:00+05:30,2026-09-22 23:15:00+05:30,60,2026-09-22 22:00:00+05:30,2026-09-22 23:00:00+05:30,15,3,PENDING,,
