job_id,source_system,department_id,asset_id,section_id,track_id,start_km,end_km,defect_type,maintenance_type,severity,criticality,urgency,asset_risk,predicted_risk,overdue_days,condition_score,operational_impact,safety_factor,estimated_duration_minutes,safety_buffer_minutes,required_block_type,required_manpower,power_block_required,signalling_disconnection_required,earliest_start,latest_start,status,priority_score,priority_band,priority_explanation,priority_computed_at,created_at,updated_at
1,TMS,1,3,4,6,0.00,3.00,RAIL_CRACK,REPAIR,5,0.900,0.850,0.800,0.880,14,0.300,0.850,0.900,90,15,TOTAL,3,TRUE,FALSE,2026-09-21 22:00:00+05:30,2026-09-24 22:00:00+05:30,OPEN,,,,,,
2,TDMS,3,6,4,6,0.00,3.00,OHE_ABNORMALITY,REPAIR,5,0.920,0.800,0.850,0.900,5,0.350,0.850,0.950,60,15,TOTAL,2,TRUE,FALSE,2026-09-21 22:00:00+05:30,2026-09-24 22:00:00+05:30,OPEN,,,,,,
3,SMMS,2,4,4,6,,,SIGNAL_INSPECTION,INSPECTION,3,0.600,0.550,0.500,,2,0.600,0.550,0.700,30,15,PARTIAL,1,FALSE,TRUE,2026-09-21 22:00:00+05:30,2026-09-24 22:00:00+05:30,OPEN,,,,,,
4,TMS,1,1,3,4,0.00,5.00,TRACK_GEOMETRY,REPAIR,3,0.550,0.400,0.450,0.500,0,0.550,0.400,0.500,45,15,PARTIAL,2,FALSE,FALSE,2026-09-22 22:00:00+05:30,2026-09-26 22:00:00+05:30,OPEN,,,,,,
5,TMS,1,2,3,5,0.00,5.00,BALLAST_DEGRADATION,REPAIR,2,0.350,0.300,0.300,,0,0.400,0.300,0.400,40,15,PARTIAL,2,FALSE,FALSE,2026-09-23 22:00:00+05:30,2026-09-27 22:00:00+05:30,OPEN,,,,,,
6,TMS,1,14,7,12,15.00,20.00,RAIL_FRACTURE,EMERGENCY_REPAIR,5,0.980,0.980,0.950,0.950,0,0.150,0.900,0.980,120,20,TOTAL,4,TRUE,FALSE,2026-09-21 20:00:00+05:30,2026-09-21 23:00:00+05:30,OPEN,,,,,,
7,TDMS,3,7,5,8,10.00,15.00,INSULATOR_WEAR,INSPECTION,3,0.500,0.450,0.450,0.480,3,0.550,0.450,0.550,50,15,PARTIAL,2,TRUE,FALSE,2026-09-22 22:00:00+05:30,2026-09-25 22:00:00+05:30,OPEN,,,,,,
8,SMMS,2,11,5,8,,,RELAY_TEST,INSPECTION,2,0.300,0.250,0.250,,0,0.650,0.250,0.350,30,10,PARTIAL,1,FALSE,TRUE,2026-09-24 22:00:00+05:30,2026-09-28 22:00:00+05:30,OPEN,,,,,,
9,TMS,1,13,6,10,5.00,10.00,TRACK_INSPECTION,INSPECTION,2,0.350,0.300,0.300,0.320,1,0.600,0.300,0.350,40,15,PARTIAL,2,FALSE,FALSE,2026-09-22 20:00:00+05:30,2026-09-27 22:00:00+05:30,OPEN,,,,,,
10,TDMS,3,12,6,10,5.00,10.00,OHE_TENSION_LOW,REPAIR,4,0.700,0.600,0.650,0.680,7,0.450,0.600,0.700,55,15,TOTAL,2,TRUE,FALSE,2026-09-22 20:00:00+05:30,2026-09-25 22:00:00+05:30,OPEN,,,,,,
11,TDMS,3,16,2,3,5.00,10.00,OHE_SAG,REPAIR,3,0.450,0.400,0.400,,4,0.500,0.350,0.450,45,15,TOTAL,2,TRUE,FALSE,2026-09-23 22:00:00+05:30,2026-09-27 22:00:00+05:30,OPEN,,,,,,
12,TMS,1,17,2,3,5.00,10.00,RAIL_WEAR,INSPECTION,2,0.300,0.250,0.250,0.280,0,0.650,0.250,0.300,30,10,PARTIAL,1,FALSE,FALSE,2026-09-24 22:00:00+05:30,2026-09-29 22:00:00+05:30,OPEN,,,,,,
13,TMS,1,19,1,1,30.00,35.00,JOINT_WEAR,REPAIR,3,0.500,0.420,0.420,0.450,6,0.500,0.550,0.500,60,15,PARTIAL,2,FALSE,FALSE,2026-09-22 22:00:00+05:30,2026-09-26 22:00:00+05:30,OPEN,,,,,,
14,SMMS,2,5,4,7,,,POINT_MACHINE_FAULT,REPAIR,4,0.650,0.600,0.550,0.600,9,0.400,0.550,0.650,50,15,PARTIAL,2,FALSE,TRUE,2026-09-21 22:00:00+05:30,2026-09-24 22:00:00+05:30,OPEN,,,,,,
15,TMS,1,9,5,8,20.00,25.00,FISH_PLATE_LOOSE,REPAIR,1,0.200,0.150,0.150,0.180,0,0.750,0.150,0.200,25,10,PARTIAL,1,FALSE,FALSE,2026-09-25 22:00:00+05:30,2026-09-30 22:00:00+05:30,DEFERRED,,,,,,
