id,resource_id,available_from,available_to
1,1,2026-09-21 22:00:00+05:30,2026-09-22 05:00:00+05:30
2,2,2026-09-21 22:00:00+05:30,2026-09-22 05:00:00+05:30
3,3,2026-09-21 22:00:00+05:30,2026-09-22 05:00:00+05:30
4,4,2026-09-21 22:00:00+05:30,2026-09-22 05:00:00+05:30
5,5,2026-09-21 22:00:00+05:30,2026-09-22 05:00:00+05:30
6,6,2026-09-21 22:00:00+05:30,2026-09-22 05:00:00+05:30
7,7,2026-09-21 21:30:00+05:30,2026-09-22 05:30:00+05:30
8,8,2026-09-21 21:30:00+05:30,2026-09-22 05:30:00+05:30
9,9,2026-09-21 21:30:00+05:30,2026-09-22 05:30:00+05:30
10,10,2026-09-21 21:30:00+05:30,2026-09-22 05:30:00+05:30
