resource_id,resource_type,department_id,name,home_base_station_id,capacity,current_status
1,CREW,1,ENG Crew - Karjat,4,1,AVAILABLE
2,CREW,1,ENG Crew - Pune,6,1,AVAILABLE
3,CREW,2,SNT Crew - Karjat,4,1,AVAILABLE
4,CREW,2,SNT Crew - Lonavala,5,1,AVAILABLE
5,CREW,3,TRD Crew - Karjat,4,1,AVAILABLE
6,CREW,3,TRD Crew - Daund,7,1,AVAILABLE
7,TAMPING_MACHINE,1,Tamping Machine 01,4,1,AVAILABLE
8,OHE_VAN,3,OHE Van 01,4,1,AVAILABLE
9,SIGNAL_VAN,2,Signal Van 01,5,1,AVAILABLE
10,RAIL_GRINDER,1,Rail Grinder 01,6,1,AVAILABLE
