availability_id,track_id,window_start,window_end,status,capacity,reason
1,6,2026-09-21 22:00:00+05:30,2026-09-22 02:00:00+05:30,AVAILABLE,1,Nightly maintenance window per Rolling Block Programme
2,7,2026-09-21 22:00:00+05:30,2026-09-22 02:00:00+05:30,AVAILABLE,1,Nightly maintenance window per Rolling Block Programme
3,4,2026-09-21 22:30:00+05:30,2026-09-22 01:30:00+05:30,AVAILABLE,1,
4,5,2026-09-21 22:30:00+05:30,2026-09-22 01:30:00+05:30,AVAILABLE,1,
5,8,2026-09-21 23:00:00+05:30,2026-09-22 03:00:00+05:30,AVAILABLE,1,
6,12,2026-09-21 20:00:00+05:30,2026-09-21 23:30:00+05:30,BLOCKED,0,Emergency rail fracture - asset RAIL-DD-SUR-01
7,12,2026-09-21 23:30:00+05:30,2026-09-22 06:00:00+05:30,RESTRICTED,1,Speed-restricted after emergency repair pending follow-up inspection
8,3,2026-09-21 22:00:00+05:30,2026-09-22 00:00:00+05:30,AVAILABLE,1,
9,10,2026-09-21 22:00:00+05:30,2026-09-22 02:00:00+05:30,AVAILABLE,1,
10,1,2026-09-21 22:00:00+05:30,2026-09-22 01:00:00+05:30,AVAILABLE,1,
