track_id,section_id,line,track_type,start_km,end_km,max_speed_kmph,capacity,electrified,signalling_type
1,1,UP,MAIN,0.00,54.00,110,1,TRUE,AUTOMATIC
2,1,DOWN,MAIN,0.00,54.00,110,1,TRUE,AUTOMATIC
3,2,SINGLE,MAIN,0.00,30.00,80,1,TRUE,ABSOLUTE_BLOCK
4,3,UP,MAIN,0.00,39.00,90,1,TRUE,AUTOMATIC
5,3,DOWN,MAIN,0.00,39.00,90,1,TRUE,AUTOMATIC
6,4,UP,MAIN,0.00,15.00,70,1,TRUE,ABSOLUTE_BLOCK
7,4,DOWN,MAIN,0.00,15.00,70,1,TRUE,ABSOLUTE_BLOCK
8,5,UP,MAIN,0.00,64.00,100,1,TRUE,AUTOMATIC
9,5,DOWN,MAIN,0.00,64.00,100,1,TRUE,AUTOMATIC
10,6,UP,MAIN,0.00,75.00,100,1,TRUE,AUTOMATIC
11,6,DOWN,MAIN,0.00,75.00,100,1,TRUE,AUTOMATIC
12,7,UP,MAIN,0.00,105.00,100,1,FALSE,AUTOMATIC
13,7,DOWN,MAIN,0.00,105.00,100,1,FALSE,AUTOMATIC
14,4,SIDING,SIDING,0.00,1.00,30,2,FALSE,NONE
