movement_id,train_id,section_id,track_id,scheduled_entry,scheduled_exit,sequence_no,night_index
1,1,1,1,2026-09-21 22:40:00+05:30,2026-09-21 23:50:00+05:30,1,0
2,1,3,4,2026-09-21 23:50:00+05:30,2026-09-22 00:45:00+05:30,2,0
3,1,4,6,2026-09-21 20:00:00+00,2026-09-21 20:25:00+00,3,0
4,1,5,8,2026-09-22 01:10:00+05:30,2026-09-22 02:30:00+05:30,4,0
5,2,5,9,2026-09-21 23:50:00+05:30,2026-09-22 01:10:00+05:30,1,0
6,2,4,7,2026-09-22 01:10:00+05:30,2026-09-22 01:35:00+05:30,2,0
7,2,3,5,2026-09-22 01:35:00+05:30,2026-09-22 02:30:00+05:30,3,0
8,2,1,2,2026-09-22 02:30:00+05:30,2026-09-22 03:40:00+05:30,4,0
9,3,6,10,2026-09-21 22:00:00+05:30,2026-09-21 23:30:00+05:30,1,0
10,3,7,12,2026-09-21 23:30:00+05:30,2026-09-22 01:30:00+05:30,2,0
11,4,3,4,2026-09-21 21:30:00+05:30,2026-09-21 22:40:00+05:30,1,0
12,4,4,7,2026-09-21 22:40:00+05:30,2026-09-21 23:10:00+05:30,2,0
13,4,5,8,2026-09-21 23:10:00+05:30,2026-09-22 00:45:00+05:30,3,0
14,4,6,10,2026-09-22 00:45:00+05:30,2026-09-22 02:25:00+05:30,4,0
15,4,7,12,2026-09-22 02:25:00+05:30,2026-09-22 04:35:00+05:30,5,0
16,5,1,1,2026-09-21 23:20:00+05:30,2026-09-22 00:20:00+05:30,1,0
17,5,3,4,2026-09-22 00:20:00+05:30,2026-09-22 01:05:00+05:30,2,0
18,5,4,7,2026-09-22 01:05:00+05:30,2026-09-22 01:25:00+05:30,3,0
19,5,5,8,2026-09-22 01:25:00+05:30,2026-09-22 02:30:00+05:30,4,0
20,5,6,10,2026-09-22 02:30:00+05:30,2026-09-22 03:45:00+05:30,5,0
21,5,7,12,2026-09-22 03:45:00+05:30,2026-09-22 05:25:00+05:30,6,0
22,6,2,3,2026-09-21 23:05:00+05:30,2026-09-21 23:50:00+05:30,1,0
